{"cameraMode":{"drawMode":0,"name":"Shaded","section":"Shading Mode"},"sceneLighting":true,"audioPlay":false,"sceneViewState":{"m_AlwaysRefresh":false,"showFog":true,"showSkybox":true,"showFlares":true,"showImageEffects":true,"showParticleSystems":true,"showVisualEffectGraphs":true,"m_FxEnabled":true},"in2DMode":false,"pivot":{"x":5.968554496765137,"y":-2.312150001525879,"z":7.3169708251953129},"rotation":{"x":0.033993177115917209,"y":0.6813402771949768,"z":-0.03170407563447952,"w":0.7304854393005371},"size":11.719874382019043,"orthographic":true}