{"cameraMode":{"drawMode":0,"name":"Shaded","section":"Shading Mode"},"sceneLighting":false,"audioPlay":false,"sceneViewState":{"m_AlwaysRefresh":false,"showFog":true,"showSkybox":false,"showFlares":true,"showImageEffects":true,"showParticleSystems":true,"showVisualEffectGraphs":true,"m_FxEnabled":true},"in2DMode":false,"pivot":{"x":-0.3157244920730591,"y":0.436875581741333,"z":-1.1920928955078126e-7},"rotation":{"x":-0.15749090909957887,"y":0.7654552459716797,"z":-0.20445701479911805,"w":-0.5896870493888855},"size":1.7080565690994263,"orthographic":true}